{
  "tasaAprendizaje": 0.006495390000000003,
  "rendimientoUmbral": 0.5,
  "historialRendimiento": [
    [
      0.5181677322867616
    ],
    [
      0.4661789465280444
    ],
    [
      0.5048395215252596
    ],
    [
      0.4852624235245711
    ],
    [
      0.4435861445158112
    ]
  ]
}